position,keywords
Software Engineer,"develop,design,code,program,debug"
Data Scientist,"research,analyze,data,statistical,experiment"
UX/UI Designer,"design,prototyping,usability,sketch,interface"
Product Manager,"strategy,roadmap,launch,market,analyze"
Network Engineer,"configure,administer,install,monitor,network"
Digital Marketing Specialist,"SEO,SEM,social media,analytics,campaign"
Financial Analyst,"analyze,forecast,budget,report,audit"
Human Resources Manager,"recruit,employee relations,compliance,training,benefits"
Content Writer,"write,edit,proofread,create,engage"
Graphic Designer,"illustrate,layout,typography,branding,visualize"
Sales Representative,"prospect,negotiate,pitch,close,client"
IT Support Specialist,"troubleshoot,resolve,install,configure,maintain"
Data Analyst,"analyze,interpret,report,statistics,query"
Systems Administrator,"administer,monitor,deploy,upgrade,configure"
Customer Support Specialist,"assist,troubleshoot,resolve,inquiries,escalation"
Supply Chain Manager,"optimize,coordinate,logistics,inventory,procure"
Quality Assurance Engineer,"test,verify,validate,automate,debug"
DevOps Engineer,"deploy,automate,configure,monitor,orchestrate"
UI/UX Developer,"design,front-end,usability,implement,interact"
Technical Writer,"document,create,edit,review,revise"
Cybersecurity Analyst,"monitor,protect,analyze,secure,detect"
Research Scientist,"conduct,experiment,analyze,observe,discover"
Operations Manager,"optimize,coordinate,efficiency,supervise,process"
Mechanical Engineer,"design,analyze,prototype,manufacture,validate"
Architect,"design,plan,draw,create,construct"
Healthcare Administrator,"manage,coordinate,regulate,plan,administer"
Business Analyst,"analyze,document,requirements,evaluate,improve"
Electrical Engineer,"design,analyze,implement,test,develop"
UX Researcher,"plan,conduct,analyze,usability,observe"
Project Manager,"plan,execute,coordinate,communicate,monitor"
Legal Counsel,"advise,review,negotiate,legal research,draft"
Data Engineer,"develop,build,maintain,design,implement"
Biomedical Engineer,"design,develop,implement,validate,test"
Social Media Manager,"content,engage,promote,analytics,monitor"
Systems Analyst,"analyze,design,implement,evaluate,modify"
Chemical Engineer,"design,develop,implement,process,analyze"
AI/ML Engineer,"develop,train,implement,analyze,optimize"
Technical Support Engineer,"troubleshoot,resolve,install,configure,assist"
Pharmacist,"dispense,review,monitor,consult,administer"
Interior Designer,"design,space,plan,coordinate,visualize"
Event Planner,"organize,plan,coordinate,execute,manage"
Civil Engineer,"design,analyze,construct,inspect,manage"
Environmental Scientist,"analyze,study,assess,monitor,evaluate"
Digital Analyst,"analyze,interpret,report,web,metrics"
UX/UI Architect,"design,prototype,usability,lead,implement"
Chief Financial Officer,"oversee,manage,financial strategy,report,analyze"
Chief Technology Officer,"lead,innovate,technology strategy,develop,execute"
Chief Marketing Officer,"lead,strategize,execute,analyze,promote"
Chief Executive Officer,"lead,manage,strategize,execute,oversee"
