software engineer,Python,Java,JavaScript,React,Django,Git
software developer,Programming Basics,Software Development Lifecycle Understanding,Version Control Systems,Code Debugging
data scientist,Python,R,Machine Learning,Statistics,SQL
graphic designer,Adobe Photoshop,Illustrator,UI/UX Design,Typography
marketing analyst,Market Research,Data Analysis,Marketing Strategy,Excel,SQL
financial analyst,Financial Modeling,Accounting,Excel,Financial Analysis
frontend developer,HTML,CSS,JavaScript,React,Angular,Bootstrap
backend developer,Python,Java,C++,Node.js,SQL,MongoDB
network engineer,Networking Protocols,Cisco,Firewalls,Security,LAN/WAN
UX/UI designer,Wireframing,Prototyping,User Research,Adobe XD,Sketch
project manager,Leadership,Project Planning,Team Management,Communication
business analyst,Business Intelligence,Requirements Gathering,SQL,Tableau
digital marketer,SEO,SEM,Social Media Marketing,Google Analytics,Content Strategy
mobile app developer,Swift,Java,Kotlin,Android Studio,iOS Development
AI engineer,Machine Learning,Deep Learning,Neural Networks,Python,TensorFlow
cloud architect,Amazon Web Services (AWS),Microsoft Azure,GCP,Docker,Kubernetes
cybersecurity analyst,Information Security,Penetration Testing,Incident Response
IT support specialist,Troubleshooting,Help Desk Support,Hardware Installation,Network Administration
data engineer,ETL,Data Warehousing,Apache Spark,Hadoop,SQL
full-stack developer,HTML,CSS,JavaScript,Python,Node.js,React
UI/UX researcher,User Testing,Qualitative Research,Data Analysis,Usability Testing
product manager,Product Development,Market Analysis,Strategic Planning,Agile Methodologies
systems administrator,Server Administration,Virtualization,Scripting,Active Directory
e-commerce manager,E-commerce Strategy,Online Marketing,Inventory Management,Shopify
content writer,Copywriting,Blogging,SEO Writing,Content Strategy,Editing
UX/UI developer,Wireframing,UI Design,Frontend Development,User-Centric Design
data analyst,Data Visualization,Statistical Analysis,Python,R,Power BI
game developer,C++,Unity,Game Design,Scripting,3D Modeling
HR manager,Recruitment,Employee Relations,Performance Management,HRIS
cloud engineer,DevOps,Cloud Computing,Infrastructure as Code,Terraform
video editor,Adobe Premiere Pro,Final Cut Pro,Video Production,Color Correction
SEO specialist,Keyword Research,On-Page Optimization,Link Building,SEO Analysis
blockchain developer,Solidity,Smart Contracts,Decentralized Applications,Web3.js
UI designer,Visual Design,Interaction Design,Wireframing,Adobe XD
financial planner,Investment Management,Retirement Planning,Financial Advising,Taxation
database administrator,Database Management,SQL Server,Oracle,Database Security
mobile UI/UX designer,Mobile App Design,Prototyping,User Interface Design,Adobe XD
customer success manager,Client Relations,Customer Support,Retention Strategies,CRM
digital content creator,Social Media Management,Content Creation,Influencer Marketing,Blogging
system analyst,Requirements Analysis,System Design,IT Solutions,Software Development Life Cycle
AI/ML researcher,Data Mining,Pattern Recognition,Algorithm Development,Research
UX strategist,Design Thinking,User Experience Strategy,Usability Testing,User-Centered Design
network administrator,Network Security,LAN/WAN Configuration,Cisco,Wireless Networks
business intelligence analyst,Data Warehousing,BI Tools (Tableau, Power BI),ETL Processes,Dashboard Design
digital designer,Visual Identity,Motion Graphics,Web Design,Brand Development
AR/VR developer,Virtual Reality Development,Augmented Reality Design,Unity,Unreal Engine
IT project manager,IT Infrastructure,Project Planning,Resource Management,Agile Methodologies
content strategist,Content Planning,Content Management Systems,SEO Strategy,Content Optimization
UX researcher,User Interviews,Usability Testing,Human-Computer Interaction,User Surveys
financial advisor,Financial Planning,Wealth Management,Retirement Strategies,Estate Planning
healthcare data analyst,Healthcare Analytics,Electronic Health Records,Statistical Analysis,R Programming
ecommerce analyst,E-commerce Analytics,Google Analytics,Data Interpretation,E-commerce Strategy
GIS specialist,Geospatial Analysis,Cartography,Remote Sensing,Geographic Information Systems
software architect,Software Design Patterns,Architecture Principles,Scalability,Design Documentation
DevOps engineer,Continuous Integration/Continuous Deployment (CI/CD),Containerization,Docker,Kubernetes
social media manager,Social Media Strategy,Content Creation,Community Management,Analytics
UX/UI architect,Information Architecture,Design Systems,User Flow Creation,Wireframing
game designer,Game Mechanics,Level Design,Game Balancing,Game Prototyping
AI ethicist,Ethical AI Development,Ethics in Machine Learning,Algorithm Accountability,Policy Making
cloud solutions architect,Cloud Architecture,Migration Strategies,Hybrid Cloud Solutions,Security Best Practices
data visualization specialist,Data Storytelling,Dashboard Design,Information Design,Data Presentation
IT security consultant,Information Security Strategy,Penetration Testing,Security Compliance,Incident Response Planning
edtech specialist,Educational Technology,Online Learning Platforms,E-Learning Development,Instructional Design
marketing manager,Brand Management,Marketing Campaigns,Market Research,Strategic Planning
SRE (Site Reliability Engineer),Automated Monitoring,Incident Response,Infrastructure Scalability,Service Level Objectives (SLOs)
AI solutions architect,Artificial Intelligence Strategy,Solution Design,Data Engineering,AI Implementation
health informatics analyst,Health Data Analysis,Health Information Systems,Data Interpretation,Healthcare Regulations
blockchain architect,Distributed Ledger Technology,Blockchain Security,Consensus Mechanisms,Smart Contract Development
AR/VR UX designer,Immersive Experience Design,Interaction Design,Virtual Reality User Interface,Augmented Reality Design
quantitative analyst,Quantitative Modeling,Algorithmic Trading,Financial Derivatives,Mathematical Analysis
digital strategist,Digital Marketing Strategy,Online Campaign Planning,Analytics Interpretation,Content Optimization
systems analyst,System Requirements Analysis,System Integration,Technical Documentation,Testing Procedures
fintech developer,Financial Technology Development,Payment Systems Integration,Blockchain Applications,Fraud Detection Systems
IoT solutions architect,Internet of Things Strategy,Embedded Systems Design,IoT Security,Cloud Integration
cybersecurity engineer,Cyber Threat Analysis,Security Protocols Implementation,Forensic Analysis,Penetration Testing
AI product manager,AI Product Development,Market Research,Product Roadmap Planning,User-Centric Design
telecommunications engineer,Network Design,Wireless Communication Systems,Telecom Infrastructure,VoIP Implementation
UI animation designer,UI Animation Creation,Interactive Interface Design,Storyboarding,Animation Software
business systems analyst,Business Process Analysis,Software Evaluation,Requirements Planning,Workflow Optimization
edtech instructional designer,Instructional Technology Development,Educational Content Creation,E-Learning Design,Assessment Strategies
cloud security architect,Cloud Security Strategy,Identity and Access Management,Encryption Technologies,Security Compliance
software quality assurance engineer,Test Planning and Execution,Defect Tracking,Quality Assurance Processes,Automated Testing Frameworks
digital transformation manager,Digital Strategy Planning,Change Management,Organizational Transformation,Technology Integration
legal tech specialist,Law Practice Technology,Legal Software Implementation,Compliance Management,Data Security in Legal Environments
quantum computing scientist,Quantum Algorithms,Quantum Circuit Design,Quantum Error Correction,Quantum Information Theory
IoT data scientist,Internet of Things Analytics,Sensor Data Interpretation,Predictive Modeling,Streaming Analytics
sustainability analyst,Sustainability Reporting,Environmental Impact Assessment,Sustainable Development Goals,Green Business Strategies
cloud-native developer,Cloud-Native Application Development,Container Orchestration,Microservices Architecture,Serverless Computing
AI ethics researcher,Ethical AI Development,Ethics in Technology Research,Policy Development,Algorithmic Fairness
customer insights analyst,Customer Behavior Analysis,Segmentation Strategies,Data Mining,Customer Experience Enhancement
AR/VR content creator,Immersive Content Production,Virtual Reality Storytelling,Augmented Reality Experience Design,Content Distribution Strategies
blockchain solutions architect,Blockchain Solutions Design,Smart Contract Development,Permissioned Blockchain Networks,Decentralized Applications (dApps)
healthcare informatics specialist,Health Informatics Systems Analysis,EHR (Electronic Health Record) Optimization,Health Data Security,Healthcare IT Governance
e-commerce data analyst,E-commerce Analytics,Consumer Behavior Analysis,Marketplace Analysis,E-commerce Metrics Tracking
edge computing engineer,Edge Computing Infrastructure,Latency Optimization,Edge Security,Decentralized Data Processing
digital marketing strategist,Digital Marketing Planning,ROI Optimization,Campaign Analysis,Marketing Automation
AI strategy consultant,Artificial Intelligence Strategy Development,Organizational AI Adoption,Strategic AI Implementation,ROI Analysis in AI
telehealth specialist,Remote Healthcare Technology,Telemedicine Implementation,Healthcare IT Compliance,Telehealth Security
data governance analyst,Data Governance Frameworks,Compliance Policies,Data Quality Management,Metadata Management
creative technologist,Innovative Technology Integration,Concept Prototyping,Creative Coding,Interactive Art Installations
enterprise architect,Enterprise Solution Design,Architecture Governance,Business Process Modeling,Integration Architecture
eSports analyst,Competitive Gaming Analysis,eSports Market Trends,eSports Team Performance Metrics,Game Strategies Analysis
regulatory technology specialist,RegTech Solutions Development,Compliance Automation,Regulatory Reporting,AML (Anti-Money Laundering) Technology
space technology engineer,Spacecraft Systems Engineering,Space Mission Planning,Aerospace Technology Development,Spacecraft Navigation Systems
quantum software engineer,Quantum Programming,Quantum Algorithms Development,Quantum Circuit Design,Quantum Error Correction
cyber-physical systems engineer,Embedded Systems Development,Control Systems Design,Real-Time Operating Systems,Networked Control Systems
computational linguist,Natural Language Processing,Computational Semantics,Linguistic Analysis,Machine Translation
digital twin developer,Digital Twin Modeling,Simulation Development,Real-Time Data Integration,Virtual Prototyping
cyber threat intelligence analyst,Threat Intelligence Analysis,Threat Hunting,Incident Response,Security Information and Event Management (SIEM)
robotics software engineer,Robotics Programming,ROS (Robot Operating System),Motion Planning,Computer Vision for Robotics
augmented reality developer,AR Development,ARKit/ARCore Development,Markerless Tracking,Augmented Reality UX Design
voice interface designer,Voice User Interface (VUI) Design,Speech Recognition Technology,Voice Interaction Design,Conversational UX
metaverse architect,Metaverse Development,Virtual World Creation,Decentralized Metaverse Ecosystems,Blockchain in Metaverse
privacy engineer,Privacy by Design,Data Protection Mechanisms,Privacy Engineering,Privacy Impact Assessments
quantum security specialist,Quantum Cryptography,Quantum-Safe Encryption,Post-Quantum Cryptography,Quantum Key Distribution
edge AI engineer,Edge AI Applications,Edge Computing,Real-Time AI Inference,Edge Device Management
smart city architect,Smart City Infrastructure Design,IoT Integration for Smart Cities,Sustainable Urban Planning,Smart Mobility Solutions
blockchain protocol developer,Blockchain Protocol Design,Consensus Mechanisms,Tokenomics,Permissionless Blockchain Development
distributed systems engineer,Distributed Systems Architecture,Decentralized Networks,Consensus Algorithms,P2P Networking
neurotechnology researcher,Neuroinformatics,Brain-Computer Interfaces,Neural Engineering,Neurofeedback Technology
quantum materials scientist,Quantum Materials Synthesis,Quantum Computing Materials,Quantum Sensors,Quantum Optics
digital health solutions architect,Digital Health Platform Design,Healthcare Interoperability,Health Data Privacy and Security,Healthtech Ecosystem Integration
AI chip designer,AI Hardware Architecture,Neuromorphic Computing,Edge AI Chips,ASIC Design for AI Acceleration
automated mobility engineer,Autonomous Vehicle Technology,Smart Transportation Systems,Automated Mobility Solutions,Connected Vehicles
IT support technician,Technical Troubleshooting,Hardware Installation,Software Configuration,Help Desk Support
junior web developer,HTML,CSS,JavaScript,Responsive Web Design
data entry clerk,Data Entry,Data Processing,Accuracy and Attention to Detail,Microsoft Excel
computer technician,Computer Hardware Repair,Operating System Installation,Software Troubleshooting,Hardware Maintenance
network support specialist,Network Troubleshooting,LAN/WAN Configuration,Network Security Basics,Router Configuration
IT help desk analyst,Technical Support,Issue Resolution,Ticket Management,User Assistance
entry-level software tester,Software Testing,Bug Reporting,Test Case Development,Quality Assurance Basics
desktop support technician,Desktop Troubleshooting,Software Installation,Peripheral Setup,Remote Assistance
technical support representative,Customer Service,Problem Solving,Communication Skills,Knowledge of Software/Hardware
junior systems administrator,Systems Maintenance,Backup Management,User Account Management,Basic Scripting
entry-level database administrator,Database Management,SQL Basics,Data Backup and Recovery,Database Monitoring
IT trainee,IT Fundamentals,Technical Documentation,Learning New Technologies,Supporting Senior IT Professionals
computer operator,System Monitoring,Batch Processing,Report Generation,Basic System Maintenance
assistant network administrator,Network Monitoring,Security Patch Management,Basic Firewall Configuration,Network Documentation
IT intern,Technical Learning,Assisting IT Projects,Problem Investigation,Documentation Support
help desk support specialist,User Assistance,Software Troubleshooting,Issue Escalation,Problem Resolution
entry-level cybersecurity analyst,Security Fundamentals,Threat Detection,Incident Response Basics,Security Software Familiarity
junior software developer,Programming Basics,Software Development Lifecycle Understanding,Version Control Systems,Code Debugging
IT service desk analyst,Service Desk Operations,ITIL (Information Technology Infrastructure Library) Basics,Service Request Management,Service Level Agreement Adherence
entry-level data analyst,Data Analysis,SQL,Microsoft Excel,Data Visualization Basics
junior data scientist,Python,R,Statistical Analysis,Machine Learning Fundamentals
business intelligence analyst,Business Intelligence Tools (Tableau, Power BI),Data Interpretation,Reporting Skills,SQL
technical support engineer,Technical Troubleshooting,Problem Solving,Communication Skills,IT Knowledge
entry-level software engineer,Programming Basics,Object-Oriented Programming Concepts,Version Control Systems,Software Development Lifecycle Understanding
computer systems analyst,Systems Analysis,Requirements Gathering,Software Evaluation,Documentation Skills
junior machine learning engineer,Python,Machine Learning Libraries (scikit-learn, TensorFlow),Data Preprocessing,Model Evaluation
QA analyst,Quality Assurance Principles,Test Case Design,Bug Reporting,Test Automation Basics
help desk technician,Help Desk Support,Issue Resolution,Remote Troubleshooting,User Assistance
entry-level network engineer,Network Fundamentals,Router/Switch Configuration,Basic Network Troubleshooting,Network Documentation
technical writer,Technical Writing Skills,Documentation Tools (MS Word, Markdown),Research Abilities,Editing and Proofreading
junior UX/UI designer,User Experience (UX) Design Basics,User Interface (UI) Design Principles,Wireframing,Prototyping Tools (Sketch, Adobe XD)
entry-level cloud engineer,Cloud Fundamentals,Cloud Service Providers (AWS, Azure, GCP),Networking in the Cloud,Security Basics in the Cloud
IT project coordinator,Project Coordination Skills,Project Documentation,Task Management,Communication with Stakeholders
junior cybersecurity analyst,Cybersecurity Fundamentals,Threat Detection Basics,Security Software Familiarity,Incident Response Principles
data entry associate,Data Entry Accuracy,Data Processing Skills,Attention to Detail,Typing Speed
entry-level software tester,Software Testing Basics,Bug Reporting,Test Case Creation,Quality Assurance Principles
computer user support specialist,Technical Support,Issue Resolution,Help Desk Support,Hardware/Software Troubleshooting
technical sales associate,Product Knowledge,Sales Skills,Client Relationship Management,Communication Skills
junior front-end web developer,HTML,CSS,JavaScript,Responsive Web Design Basics
